{"E1_0.05_0.5": [[10.356428967178728, 5.1362082958221436], [8.644682052044917, 1.894780158996582], [5.512145444892606, 1.5748839378356934], [8.407047867834688, 1.956547737121582], [11.367383221802307, 9.489195346832275], [10.585277840856582, 3.8985345363616943], [5.720853685548784, 7.436196565628052], [3.413452908448347, 7.636017560958862], [13.911714066439346, 9.570435523986816], [7.954191459737904, 2.795684576034546]], "E2_0.05_0.5": [[7.5281710932077495, 8.308945417404175], [5.506491227034627, 2.6450812816619873], [6.430719695758309, 4.078487157821655], [6.563110197299135, 5.3071794509887695], [5.361115114338672, 0.5288434028625488], [5.165232155280937, 1.1855733394622803], [4.451326146231852, 2.7376019954681396], [8.479532588325394, 7.302114248275757], [5.1795363232868645, 1.3642852306365967], [4.0, 0.8678944110870361]], "E1_0.2_0.5": [[5.794938500401145, 4.490681886672974], [7.004337649889257, 1.8672759532928467], [7.388728096669149, 7.670949459075928], [6.5959804951087415, 1.1216299533843994], [10.40559510325762, 7.610348463058472], [6.479312119410375, 1.200326681137085], [7.5973558729773485, 7.086784839630127], [5.920798487197735, 6.89353084564209], [6.722596173818227, 2.6973016262054443], [8.323094664883397, 10.761365413665771]], "E2_0.2_0.5": [[6.067457378750417, 4.520243167877197], [4.868315905894853, 4.456886529922485], [4.686810907873196, 16.33298683166504], [5.883355700235969, 2.551866054534912], [5.980478013283096, 6.632737636566162], [4.402062911387379, 2.1988813877105713], [6.034673938190644, 1.5758273601531982], [7.942365887348915, 3.8210411071777344], [4.694341647149024, 3.405988931655884], [5.09301820380428, 4.509588003158569]], "E1_0.05_0.75": [[7.708655291649091, 4.661512136459351], [9.966432662164358, 34.34013509750366], [9.249273419205121, 7.857374429702759], [8.166174815076154, 62.024972438812256], [9.750209434761057, 8.770170211791992], [6.270246358858956, 29.348466873168945], [5.54667126451136, 1.4415299892425537], [8.033836534893185, 2.5506160259246826], [5.824535626234779, 11.36469578742981], [6.202785170311841, 25.895058393478394]], "E2_0.05_0.75": [[7.329474855508873, 4.634079933166504], [6.484049448237203, 4.9405341148376465], [8.42562796523438, 0.983323335647583], [6.4054555867759895, 2.0686638355255127], [8.665817446105338, 12.986171245574951], [6.400224406448894, 8.054140090942383], [5.9867667610713164, 3.0134477615356445], [7.24903717762534, 8.573569774627686], [6.746377719448879, 20.0534930229187], [5.823021540485709, 12.721548557281494]], "E1_0.2_0.75": [[11.012288956911581, 40.38506531715393], [10.843545712429757, 1.313140869140625], [10.419968931140822, 34.136857748031616], [5.278045117114412, 2.006319522857666], [7.871550777942335, 4.256380558013916], [4.316917502972148, 32.41648578643799], [8.318172269769704, 35.42290902137756], [8.880670098330247, 50.296767473220825], [9.706163284296155, 3.127553701400757], [5.082810867851751, 8.396615266799927]], "E2_0.2_0.75": [[7.199750024137097, 6.708965539932251], [6.409303654756889, 4.078235626220703], [7.593950051826934, 1.1770050525665283], [6.861326194534228, 0.5182359218597412], [9.888310722754149, 3.033540725708008], [7.304408096854386, 1.618253469467163], [4.3699844967539185, 22.917247772216797], [7.995369491008623, 0.6078958511352539], [7.659121575221877, 1.5527496337890625], [9.364645691459401, 2.820387125015259]]}