{"E1_0.05": [[3.8088108130063136, 2.448951482772827], [4.003422827656325, 33.72513818740845], [5.743390795678764, 9.374999284744263], [3.8768111839978614, 32.54980802536011], [16.50170981240092, 93.98057317733765], [10.990075212438605, 101.67901420593262], [7.591707486321442, 2.6199710369110107], [5.104875955957837, 5.015438795089722], [11.424290176635065, 121.83469939231873], [6.950811426738852, 100.75073909759521]], "E2_0.05": [[3.8293100937591467, 0.2624363899230957], [3.827893391996785, 0.3909335136413574], [6.732671144551407, 9.061114072799683], [2.9493831054943267, 13.053292989730835], [3.846328246399386, 0.2607848644256592], [4.266637750437203, 0.5066630840301514], [4.162313103788027, 2.1563446521759033], [4.014153436474494, 0.8661081790924072], [5.106924321521219, 0.31903934478759766], [3.5621044955346477, 0.8063709735870361]], "E1_0.2": [[7.913118268621817, 2.290426731109619], [10.21419598324456, 18.233654022216797], [5.405263233948833, 9.25650405883789], [12.45340441558118, 15.071785926818848], [7.316702558896572, 20.401917695999146], [9.282436010103469, 50.19847536087036], [11.395151821455098, 749.2011282444], [6.125578625696932, 1.9770817756652832], [10.225697294254154, 15.38153862953186], [8.502679708970541, 24.517685890197754]], "E2_0.2": [[4.527970037330914, 0.20070552825927734], [4.200575992609282, 0.4268200397491455], [4.086061721158936, 0.14172101020812988], [5.119754190411724, 5.916945934295654], [3.1312027558477373, 0.23455500602722168], [5.463333279038637, 0.42328429222106934], [4.121359756730799, 0.2135028839111328], [3.328385635669196, 0.32103562355041504], [3.749162990293326, 1.2990272045135498], [5.100252167674163, 0.3057246208190918]]}