{"E1_0.05": [[7.2641663437759405, 24.731906414031982], [9.149758898270662, 82.43618893623352], [7.716068096451887, 299.5031690597534], [5.676302995324296, 37.53106641769409], [8.521776681901976, 231.25251746177673], [9.697579018089405, 611.8608198165894], [10.778514989734903, 102.17428588867188], [5.3701241326209335, 315.8144063949585], [4.28052868432985, 83.00989866256714], [10.49402075030797, 54.69469094276428], [7.467686365652724, 209.1490581035614], [4.341597689342844, 54.07075309753418], [6.651476747197034, 719.219574213028], [7.013856952270713, 337.9538195133209], [15.135622126646915, 282.66033124923706], [5.286643749063013, 102.13609337806702], [14.04479671860404, 171.86745166778564], [15.672155318680218, 104.02460432052612], [7.812376000777829, 360.27479219436646], [5.696911252936668, 36.070497035980225]], "E2_0.05": [[5.368162730479213, 141.21040678024292], [6.645710580997681, 177.66722440719604], [5.249452140891361, 260.7773404121399], [5.787124128438999, 127.19082713127136], [4.421430412105658, 473.9793758392334], [4.926891021957029, 81.01137375831604], [4.22222453702708, 126.95666933059692], [5.592584762349509, 66.03471302986145], [4.312325641761529, 835.3408346176147], [5.164757627066059, 99.63269305229187], [4.2573910276098825, 113.8999297618866], [4.975110275838252, 480.4440143108368], [4.06061816664594, 64.61658477783203], [9.728771486850189, 188.1983745098114], [4.801590095111674, 306.25792813301086], [4.90371843887428, 204.45301818847656], [4.30223279542851, 81.00380897521973], [4.9263233454539614, 258.13525462150574], [3.704212341615742, 428.9220321178436], [9.061118122013717, 268.38004899024963]], "E1_0.2": [[8.28949318366878, 96.68644452095032], [10.402282446137708, 838.8630883693695], [8.874047216332464, 468.9391095638275], [8.337767667863854, 3331.851173400879], [6.944804970025606, 24.976736307144165], [6.3889063582120516, 3139.128320455551], [14.596071366853316, 1849.1527552604675], [11.306532508820435, 1935.5561084747314], [10.03792946676904, 2011.1373884677887], [10.166008013884683, 1022.3752415180206], [5.608547604532423, 27.88434886932373], [7.823328933545857, 360.6496090888977], [7.839896339932447, 98.24175643920898], [13.70570544245495, 1298.954134464264], [6.730343977218476, 272.4071002006531], [11.733413023169422, 3068.49871969223], [9.349225823330283, 211.72797894477844], [12.607121203274561, 370.4100499153137], [7.2922934094174225, 303.01659083366394], [9.334100643831272, 1773.6934037208557]], "E2_0.2": [[3.651802716207674, 107.53466057777405], [5.246566211351302, 230.59274053573608], [7.04579476259963, 103.65752530097961], [7.927437204783433, 366.3167612552643], [8.24315284005965, 420.78252959251404], [4.647879164442404, 74.93516159057617], [7.501398863396349, 71.23257184028625], [8.824619527184822, 39.360798597335815], [4.614935066410607, 366.70192527770996], [5.728811781332927, 1505.6027414798737], [3.7892706878863125, 199.42454838752747], [4.416592992860502, 504.7741651535034], [7.004902023706328, 261.4222583770752], [9.000064428274303, 186.42516803741455], [3.885754558360914, 173.55410170555115], [6.836614195463427, 147.4089798927307], [7.81594460714387, 378.88993525505066], [6.673043721668768, 408.10729002952576], [4.501364276204432, 192.38991689682007], [5.882172028083074, 234.44500708580017]]}